,precision,recall,f1-score,support
setosa,0.47368421052631576,0.45,0.46153846153846156,20.0
versicolor,0.5714285714285714,0.4,0.47058823529411764,20.0
virginica,0.48148148148148145,0.65,0.5531914893617021,20.0
accuracy,0.5,0.5,0.5,0.5
macro avg,0.5088647544787895,0.5,0.49510606206476043,60.0
weighted avg,0.5088647544787895,0.5,0.4951060620647605,60.0
