,precision,recall,f1-score,support
setosa,0.9047619047619048,0.95,0.926829268292683,20.0
versicolor,0.7391304347826086,0.85,0.7906976744186046,20.0
virginica,0.9375,0.75,0.8333333333333334,20.0
accuracy,0.85,0.85,0.85,0.85
macro avg,0.8604641131815045,0.85,0.8502867586815404,60.0
weighted avg,0.8604641131815044,0.85,0.8502867586815402,60.0
