sepal_length,sepal_width,petal_length,petal_width,species
5.777378522928267,3.939488910954601,5.763896915467969,2.165753399815224,setosa
5.343105230489565,2.447768141326486,2.344817458997456,0.6330587451297526,setosa
4.880396634114415,4.1421415963759465,3.5199359528949126,0.3876768816008387,versicolor
5.1974520249359495,4.231274365622175,4.182119227302339,2.0632354382139835,versicolor
4.577127675383655,3.928812984557875,1.649306354713293,1.1017864075570696,versicolor
5.123673395769841,4.091505416450523,2.876220502333997,1.3257935261861578,versicolor
7.019984098754975,3.5201690156250165,6.2869386695486105,0.1166851132748577,virginica
