,precision,recall,f1-score,support
setosa,1.0,1.0,1.0,20.0
versicolor,0.9047619047619048,0.95,0.926829268292683,20.0
virginica,0.9473684210526315,0.9,0.9230769230769231,20.0
accuracy,0.95,0.95,0.95,0.95
macro avg,0.9507101086048454,0.9500000000000001,0.9499687304565354,60.0
weighted avg,0.9507101086048454,0.95,0.9499687304565353,60.0
