,precision,recall,f1-score,support
setosa,1.0,0.95,0.9743589743589743,20.0
versicolor,0.9047619047619048,0.95,0.926829268292683,20.0
virginica,0.9,0.9,0.9,20.0
accuracy,0.9333333333333333,0.9333333333333333,0.9333333333333333,0.9333333333333333
macro avg,0.9349206349206348,0.9333333333333332,0.9337294142172191,60.0
weighted avg,0.9349206349206349,0.9333333333333333,0.933729414217219,60.0
